mirna,disease
350,292
596,292
277,292
366,292
688,292
382,292
360,292
310,292
396,292
346,292
498,292
289,292
151,292
696,292
249,292
520,292
225,292
509,292
630,292
326,292
578,292
307,292
55,149
507,149
403,149
533,149
417,149
689,149
71,149
527,149
690,149
32,149
155,149
574,149
316,149
642,149
443,149
43,149
602,149
371,149
398,149
214,13
374,13
31,13
99,13
237,13
362,13
674,13
676,13
560,13
590,13
601,13
543,13
423,13
306,13
614,13
137,13
454,13
607,13
450,13
464,13
675,13
363,13
269,13
507,13
704,13
359,13
575,13
390,13
278,13
24,13
245,13
430,138
389,138
264,138
708,138
532,138
37,138
684,138
269,138
330,138
143,138
459,138
197,138
399,138
394,138
446,138
525,138
91,138
508,138
277,138
641,138
405,138
17,138
308,138
80,138
683,138
152,138
319,138
689,138
627,138
0,138
246,221
420,221
141,221
7,221
506,221
108,221
333,221
523,221
199,221
39,221
513,221
614,221
47,221
195,221
444,221
470,91
545,91
54,91
359,91
222,91
97,91
551,91
137,91
393,91
261,91
409,91
623,91
7,91
125,91
615,91
460,91
313,91
672,91
389,91
402,91
382,91
478,73
604,73
660,73
172,73
48,73
43,73
689,73
309,73
399,73
414,73
236,73
59,73
348,73
18,73
381,73
427,73
30,73
575,73
531,73
612,73
651,73
354,73
550,161
440,161
518,161
222,161
574,161
272,161
32,161
422,161
580,161
86,161
42,161
437,161
417,161
591,161
681,161
278,161
82,161
619,161
239,161
551,161
151,161
502,161
197,161
22,161
198,161
529,161
503,153
552,153
171,153
449,153
384,153
110,153
219,153
259,153
336,153
362,153
428,153
473,153
24,153
245,153
250,153
542,153
479,153
707,153
8,153
311,153
544,153
297,153
455,153
14,153
317,153
315,153
153,153
161,153
443,153
166,153
593,153
504,153
205,153
202,279
212,279
712,279
180,279
309,279
138,279
123,279
336,279
352,279
538,279
105,279
536,279
466,279
436,279
408,279
312,279
26,279
31,279
277,279
498,279
386,279
267,279
345,279
177,279
607,279
232,279
484,279
204,279
619,279
376,279
123,184
670,184
333,184
524,184
587,184
673,184
384,184
3,184
518,184
86,184
685,184
694,184
198,184
462,184
687,184
232,184
683,184
121,184
642,184
268,184
219,184
699,184
605,184
646,225
709,225
226,225
276,225
677,225
161,225
535,225
536,225
314,225
167,225
28,225
497,225
137,225
5,225
17,225
316,225
411,225
708,225
445,225
128,225
114,225
623,225
196,225
79,225
519,225
229,225
628,225
492,225
256,225
281,225
662,136
462,136
76,136
355,136
626,136
571,136
180,136
32,136
258,136
333,136
497,136
617,136
44,136
541,136
280,136
427,136
256,136
632,136
341,136
313,136
96,175
414,175
593,175
606,175
11,175
481,175
245,175
59,175
31,175
657,175
340,175
633,175
616,175
444,175
679,175
294,175
578,175
265,175
505,175
242,175
154,175
303,175
452,175
186,175
531,175
518,175
405,175
712,175
417,175
699,175
668,289
621,289
246,289
428,289
362,289
50,289
102,289
700,289
378,289
709,289
286,289
296,289
221,289
188,289
302,289
446,289
603,289
65,289
173,289
539,289
140,289
552,289
377,224
202,224
263,224
500,224
471,224
302,224
464,224
567,224
642,224
517,224
602,224
245,224
613,224
63,224
363,224
563,224
423,224
454,224
152,224
124,224
151,224
326,224
344,224
692,224
492,224
304,224
409,224
174,224
98,224
470,21
360,21
315,21
306,21
707,21
697,21
431,21
364,21
223,21
696,21
387,21
541,21
130,21
409,21
115,21
195,21
201,21
444,21
95,21
520,21
175,21
629,21
310,21
17,21
308,21
276,21
366,21
26,71
701,71
462,71
469,71
613,71
203,71
187,71
399,71
321,71
158,71
114,71
690,71
636,71
149,71
185,71
178,71
588,71
517,71
681,71
197,71
97,71
619,71
103,71
491,71
670,71
563,71
594,71
466,71
514,71
111,71
152,71
242,246
470,246
252,246
283,246
625,246
143,246
133,246
81,246
431,246
73,246
311,246
695,246
426,246
704,246
309,246
304,246
167,246
97,246
455,246
308,246
177,246
305,246
414,246
528,246
365,246
477,246
95,246
406,246
479,246
534,246
585,246
150,246
73,44
6,44
430,44
99,44
130,44
334,44
342,44
533,44
474,44
636,44
371,44
428,44
129,44
462,44
208,44
243,44
188,44
365,44
562,44
120,206
33,206
371,206
98,206
328,206
434,206
200,206
228,206
81,206
359,206
133,206
237,206
680,206
433,206
495,206
594,206
37,206
253,206
147,206
464,206
552,206
609,206
681,206
326,206
14,206
581,206
373,206
639,206
391,243
328,243
505,243
64,243
554,243
125,243
499,243
569,243
110,243
242,243
187,243
686,243
123,243
193,243
76,243
79,243
69,243
469,243
555,243
566,243
176,243
571,243
327,243
143,243
549,243
87,243
606,243
55,243
331,243
37,243
500,243
173,243
39,257
635,257
447,257
16,257
696,257
574,257
90,257
98,257
390,257
672,257
660,257
144,257
77,257
27,257
360,257
633,257
661,257
262,257
332,257
435,257
686,257
160,257
309,257
387,257
504,86
374,86
53,86
61,86
59,86
294,86
460,86
73,86
284,86
8,86
431,86
422,86
358,86
567,86
705,86
77,86
523,86
575,86
553,86
388,86
712,86
50,86
85,311
347,311
159,311
412,311
519,311
665,311
181,311
508,311
525,311
17,311
410,311
594,311
287,311
360,311
231,311
566,311
486,311
140,311
137,311
529,311
653,311
530,311
627,311
185,311
705,311
160,311
475,56
239,56
2,56
523,56
120,56
704,56
566,56
672,56
502,56
481,56
85,56
104,56
421,56
318,56
709,56
97,56
556,56
34,56
640,56
234,56
399,56
484,56
156,56
141,56
578,56
39,56
660,56
461,162
686,162
354,162
109,162
607,162
571,162
120,162
347,162
695,162
395,162
189,162
108,162
221,162
670,162
530,162
278,162
239,162
327,162
390,162
369,162
227,162
477,162
506,162
178,96
226,96
528,96
656,96
647,96
173,96
554,96
133,96
218,96
43,96
464,96
304,96
71,96
659,96
24,96
417,96
111,96
103,96
527,96
229,96
173,105
351,105
179,105
242,105
464,105
541,105
272,105
114,105
524,105
95,105
432,105
449,105
549,105
548,105
711,105
13,105
487,105
697,105
632,105
522,261
198,261
609,261
597,261
121,261
450,261
653,261
358,261
464,261
97,261
316,261
212,261
182,261
671,261
436,261
540,261
603,261
593,261
703,261
421,261
503,261
691,261
32,261
530,261
229,261
457,261
79,261
153,265
271,265
609,265
203,265
31,265
508,265
371,265
201,265
261,265
122,265
327,265
476,265
156,265
395,265
678,265
110,265
256,265
490,265
456,265
458,265
187,265
51,265
481,265
115,265
124,265
489,265
633,265
29,265
17,131
16,131
282,131
705,131
543,131
480,131
295,131
709,131
172,131
393,131
568,131
605,131
279,131
160,131
226,131
240,131
318,131
535,131
125,131
500,131
640,240
503,240
627,240
673,240
528,240
501,240
103,240
195,240
643,240
690,240
182,240
600,240
220,240
645,240
23,240
278,240
675,240
166,240
77,240
406,240
35,240
254,240
118,240
251,240
39,240
444,240
244,240
663,240
583,62
376,62
120,62
704,62
84,62
265,62
437,62
573,62
671,62
306,62
611,62
227,62
610,62
155,62
281,62
319,62
294,62
523,62
50,62
128,62
29,62
642,62
252,62
141,62
498,62
577,62
34,104
156,104
298,104
525,104
396,104
547,104
208,104
495,104
367,104
552,104
647,104
203,104
393,104
225,104
54,104
642,104
333,104
470,104
602,104
578,104
195,298
498,298
543,298
624,298
523,298
180,298
663,298
132,298
709,298
613,298
108,298
383,298
356,298
82,298
473,298
38,298
697,298
390,298
56,298
105,298
682,298
710,298
55,298
546,298
316,298
298,298
545,228
248,228
273,228
68,228
410,228
71,228
165,228
511,228
226,228
171,228
694,228
483,228
578,228
622,228
6,228
235,228
513,228
664,228
369,228
460,228
386,228
80,173
351,173
192,173
195,173
671,173
470,173
637,173
422,173
327,173
54,173
595,173
170,173
363,173
203,173
463,173
390,177
537,177
482,177
160,177
28,177
613,177
568,177
675,177
258,177
83,177
443,177
9,177
683,177
167,177
182,177
186,177
21,177
377,177
426,177
502,177
342,177
639,177
448,245
115,245
182,245
543,245
693,245
184,245
550,245
582,245
497,245
227,245
628,245
632,245
631,245
406,245
85,245
504,245
261,245
307,245
15,245
434,245
397,245
43,245
479,245
404,245
613,0
494,0
582,0
358,0
680,0
99,0
553,0
285,0
248,0
150,0
349,0
515,0
346,0
567,0
80,0
450,0
592,0
71,0
231,0
266,0
589,0
339,0
174,0
615,0
448,0
192,0
588,0
336,0
406,0
168,0
628,0
277,0
452,0
471,0
1,24
6,24
442,24
283,24
117,24
348,24
425,24
572,24
406,24
599,24
570,24
597,24
191,24
667,24
223,24
324,24
325,24
420,24
690,24
235,24
408,24
110,24
500,24
131,24
698,24
571,24
547,24
653,24
198,24
186,24
497,24
58,24
315,24
403,24
550,24
576,144
79,144
143,144
411,144
568,144
601,144
255,144
426,144
666,144
653,144
506,144
679,144
1,144
343,144
333,144
500,144
691,144
674,144
521,144
198,144
462,144
566,144
43,144
163,144
338,144
459,144
48,144
72,144
478,144
567,144
542,144
372,144
385,144
620,129
423,129
409,129
67,129
633,129
107,129
693,129
27,129
33,129
490,129
456,129
0,129
655,129
160,129
523,129
308,129
38,129
197,129
338,129
156,129
180,129
537,129
437,129
302,262
584,262
392,262
324,262
239,262
677,262
672,262
425,262
48,262
12,262
213,262
332,262
400,262
576,262
499,262
313,262
355,262
143,262
216,262
337,262
540,262
353,262
292,262
109,262
168,262
282,262
315,262
26,262
711,262
694,262
391,262
241,54
35,54
180,54
594,54
517,54
548,54
586,54
709,54
357,54
449,54
452,54
522,54
379,54
113,54
156,54
262,54
421,54
12,54
694,54
117,54
56,54
438,54
689,54
139,87
547,87
91,87
359,87
679,87
650,87
348,87
217,87
38,87
321,87
521,87
467,87
307,87
160,87
710,87
108,87
151,87
593,87
145,87
230,87
221,87
316,87
247,87
15,87
75,87
498,87
258,87
100,87
495,87
322,87
286,87
690,87
250,87
612,87
454,87
229,87
405,87
35,160
119,160
285,160
700,160
199,160
112,160
193,160
329,160
612,160
230,160
583,160
217,160
29,160
552,160
12,160
278,160
340,160
36,160
600,160
43,160
254,160
139,160
328,160
23,156
298,156
397,156
140,156
486,156
602,156
511,156
473,156
678,156
277,156
438,156
241,156
431,156
369,156
448,156
147,156
597,156
455,156
669,156
518,156
45,156
216,156
195,156
453,156
510,156
97,277
533,277
491,277
435,277
608,277
327,277
187,277
676,277
236,277
473,277
617,277
440,277
609,277
251,277
177,277
176,277
260,277
308,277
386,277
545,277
509,277
519,277
351,277
121,277
350,277
354,277
530,277
148,277
683,277
698,277
398,34
92,34
34,34
287,34
612,34
582,34
233,34
463,34
561,34
695,34
306,34
217,34
47,34
597,34
94,34
672,34
491,34
17,34
337,34
590,34
480,34
225,34
645,34
602,34
357,34
335,34
114,210
311,210
47,210
359,210
593,210
595,210
238,210
188,210
221,210
363,210
118,210
284,210
290,210
591,210
474,210
163,210
525,210
473,210
178,210
485,210
471,210
499,210
200,69
524,69
576,69
601,69
610,69
702,69
537,69
417,69
61,69
88,69
2,69
35,69
347,69
415,69
483,69
20,69
218,69
148,69
293,69
212,69
711,69
76,69
167,69
95,69
455,69
522,69
104,69
165,69
390,107
641,107
210,107
412,107
509,107
235,107
264,107
692,107
202,107
575,107
229,107
562,107
396,107
29,107
617,107
394,107
286,107
219,107
411,107
45,107
17,107
673,107
464,107
423,139
470,139
91,139
493,139
79,139
516,139
158,139
62,139
122,139
206,139
198,139
78,139
6,139
42,139
353,139
345,139
258,139
640,139
118,139
215,139
155,139
14,139
547,181
414,181
633,181
564,181
55,181
315,181
230,181
480,181
240,181
276,181
3,181
593,181
71,181
40,181
632,181
514,181
382,181
568,181
628,181
570,181
317,181
415,181
510,181
206,181
250,181
274,181
551,181
530,181
498,181
101,181
506,181
597,181
405,181
489,181
190,181
406,181
366,181
323,181
513,303
590,303
6,303
157,303
1,303
95,303
530,303
151,303
449,303
235,303
276,303
197,303
435,303
258,303
637,303
263,303
254,303
517,303
446,303
261,303
237,303
159,303
59,303
515,53
344,53
438,53
324,53
411,53
216,53
686,53
60,53
431,53
382,53
523,53
557,53
197,53
572,53
347,53
618,53
689,53
266,53
165,53
374,53
152,53
426,275
233,275
428,275
110,275
668,275
639,275
153,275
5,275
673,275
337,275
626,275
121,275
595,275
302,275
669,275
292,275
423,275
193,275
444,275
443,275
100,275
571,275
520,275
118,275
334,275
224,275
268,275
308,294
577,294
83,294
280,294
593,294
1,294
639,294
145,294
227,294
516,294
341,294
322,294
16,294
262,294
592,294
379,294
92,294
470,294
248,294
515,294
65,294
598,294
41,294
184,294
210,294
631,294
106,294
14,294
499,121
666,121
130,121
671,121
274,121
293,121
253,121
57,121
484,121
36,121
376,121
367,121
659,121
70,121
162,121
514,121
268,121
331,121
422,121
673,121
700,121
668,121
342,121
691,80
43,80
194,80
140,80
261,80
278,80
324,80
91,80
250,80
690,80
291,80
592,80
455,80
126,80
234,80
134,80
115,80
185,80
396,80
218,80
147,80
672,80
183,80
217,80
405,80
430,80
554,80
406,80
398,80
192,80
323,80
407,80
44,80
454,80
412,80
689,80
155,80
201,110
220,110
493,110
577,110
111,110
410,110
119,110
228,110
534,110
586,110
662,110
92,110
19,110
379,110
133,110
170,110
537,110
240,110
300,110
61,110
297,110
400,110
653,110
158,110
278,110
632,110
321,110
50,300
710,300
148,300
328,300
553,300
224,300
255,300
700,300
82,300
336,300
140,300
554,300
147,300
180,300
656,300
363,300
349,300
332,300
102,300
101,300
55,300
218,300
312,300
150,300
240,300
357,300
628,300
320,300
687,300
432,300
107,300
419,300
220,300
113,300
647,300
518,300
590,300
556,300
316,300
622,300
515,200
343,200
369,200
583,200
707,200
314,200
484,200
481,200
584,200
573,200
165,200
648,200
336,200
497,200
492,200
179,200
670,200
638,200
77,200
84,200
611,200
392,200
72,200
58,200
125,200
306,200
522,154
375,154
104,154
429,154
592,154
219,154
10,154
7,154
391,154
73,154
254,154
337,154
53,154
394,154
502,154
192,154
167,154
594,154
300,154
521,154
661,154
204,154
667,154
141,154
131,197
540,197
623,197
223,197
564,197
575,197
5,197
705,197
330,197
338,197
306,197
599,197
700,197
135,197
510,197
655,197
25,197
75,197
153,197
238,197
138,197
227,197
27,197
360,197
409,197
417,197
220,197
207,197
246,197
466,197
294,197
69,197
243,197
190,197
644,197
3,197
504,197
548,197
423,197
528,197
344,197
295,197
58,197
460,147
115,147
383,147
208,147
600,147
467,147
219,147
367,147
278,147
427,147
54,147
393,147
678,147
183,147
583,147
97,147
625,147
654,147
500,147
114,147
335,147
663,147
17,147
457,147
329,147
62,84
427,84
645,84
110,84
713,84
9,84
420,84
581,84
345,84
614,84
697,84
149,84
378,84
256,84
428,84
281,84
354,84
485,84
111,84
627,84
344,84
262,84
396,84
342,84
621,84
239,70
403,70
215,70
619,70
51,70
483,70
471,70
138,70
186,70
7,70
711,70
451,70
644,70
42,70
92,70
216,70
324,70
257,70
274,70
602,70
133,70
247,70
530,70
669,70
329,70
592,273
261,273
412,273
368,273
172,273
590,273
73,273
144,273
258,273
269,273
53,273
106,273
330,273
379,273
181,273
263,273
74,273
346,273
474,273
381,273
514,273
274,273
56,273
501,273
618,273
96,273
367,273
26,273
148,273
76,273
362,273
404,273
427,273
690,273
674,273
298,273
130,179
383,179
63,179
323,179
292,179
427,179
313,179
601,179
415,179
450,179
537,179
575,179
91,179
239,179
561,179
180,179
331,179
595,179
337,179
690,179
551,179
390,179
626,179
683,7
125,7
166,7
495,7
172,7
615,7
145,7
494,7
654,7
90,7
454,7
657,7
57,7
63,7
241,7
82,7
332,7
284,7
330,7
22,7
158,7
217,7
408,7
339,7
388,7
203,7
572,7
281,7
491,7
189,7
497,7
489,7
381,270
305,270
375,270
100,270
410,270
365,270
157,270
153,270
537,270
700,270
334,270
97,270
705,270
127,270
488,270
75,270
106,270
636,270
38,270
515,270
447,270
121,270
355,270
584,270
148,263
43,263
582,263
505,263
203,263
638,263
438,263
680,263
329,263
416,263
325,263
540,263
373,263
671,263
563,263
11,263
94,263
535,263
539,263
289,263
450,263
389,263
538,263
333,263
138,263
376,263
633,263
588,263
178,263
91,263
204,263
157,196
311,196
113,196
46,196
81,196
209,196
128,196
618,196
314,196
78,196
72,196
232,196
473,196
600,196
514,196
63,196
431,196
104,196
653,196
136,196
472,196
646,196
408,196
467,196
59,196
230,196
531,196
591,196
708,196
617,196
394,196
35,196
372,196
413,196
281,196
96,196
282,196
362,196
506,196
98,3
120,3
564,3
129,3
464,3
194,3
42,3
600,3
272,3
63,3
301,3
191,3
97,3
625,3
587,3
527,3
103,3
51,3
536,3
77,3
80,3
449,3
45,3
314,3
470,3
166,3
22,137
181,137
170,137
81,137
491,137
212,137
53,137
305,137
553,137
612,137
408,137
4,137
106,137
325,137
328,137
505,137
665,137
304,137
138,137
433,137
498,137
600,137
108,137
310,137
320,137
673,137
614,137
525,137
397,209
543,209
25,209
676,209
623,209
178,209
154,209
571,209
112,209
650,209
229,209
383,209
9,209
133,209
266,209
624,209
651,209
302,209
274,209
269,209
278,209
551,209
3,209
85,209
35,209
535,209
418,209
116,307
354,307
118,307
566,307
151,307
139,307
189,307
302,307
16,307
207,307
338,307
547,307
625,307
544,307
142,307
217,307
120,307
245,307
26,307
430,307
563,307
112,307
634,307
171,307
391,307
583,307
332,307
28,307
635,307
148,307
659,307
98,57
330,57
543,57
240,57
581,57
101,57
551,57
593,57
587,57
557,57
514,57
428,57
276,57
566,57
207,57
504,57
28,57
227,57
185,57
114,57
674,57
461,57
678,57
260,57
320,57
585,57
85,57
608,57
347,57
492,57
386,258
540,258
53,258
12,258
646,258
87,258
705,258
219,258
72,258
175,258
288,258
482,258
5,258
241,258
498,258
117,258
190,258
111,258
169,258
466,258
690,258
237,258
448,258
541,258
67,258
478,258
450,258
65,258
152,258
167,258
316,258
593,258
483,258
0,258
2,207
630,207
411,207
422,207
420,207
349,207
685,207
319,207
692,207
628,207
426,207
507,207
399,207
417,207
366,207
373,207
645,207
141,207
549,207
369,207
158,207
542,207
347,207
198,207
136,207
443,207
413,207
251,207
601,207
27,207
695,207
278,207
152,207
187,207
348,207
491,207
289,207
34,207
262,36
92,36
222,36
263,36
654,36
390,36
75,36
586,36
440,36
74,36
149,36
412,36
227,36
147,36
367,36
47,36
118,36
173,36
669,36
62,36
317,36
330,36
677,36
442,94
292,94
50,94
186,94
58,94
609,94
322,94
167,94
385,94
165,94
272,94
296,94
362,94
231,94
517,94
506,94
79,94
498,94
540,94
349,94
228,94
336,94
359,94
624,94
294,94
16,94
595,94
290,94
502,94
251,94
524,94
82,94
578,94
132,41
581,41
141,41
351,41
711,41
181,41
78,41
586,41
303,41
504,41
332,41
541,41
510,41
413,41
585,41
73,41
430,41
219,41
174,41
232,41
118,41
536,41
312,41
197,41
350,41
472,41
602,41
248,41
337,41
593,41
308,41
12,272
426,272
166,272
598,272
347,272
690,272
322,272
696,272
127,272
353,272
355,272
287,272
388,272
407,272
380,272
148,272
256,272
433,272
351,272
161,272
460,272
49,272
436,272
272,272
209,272
689,272
521,272
277,272
18,272
484,272
210,272
443,272
340,222
556,222
247,222
423,222
479,222
667,222
426,222
402,222
670,222
629,222
191,222
543,222
576,222
512,222
301,222
46,222
204,222
58,222
490,222
571,222
124,222
241,222
196,222
41,222
504,222
489,222
436,222
60,222
584,222
334,222
410,222
631,167
81,167
489,167
689,167
221,167
427,167
560,167
298,167
345,167
102,167
550,167
104,167
546,167
711,167
61,167
713,167
94,167
462,167
212,167
157,167
705,167
508,167
562,167
348,167
195,167
472,167
512,167
355,167
8,167
222,167
346,167
245,167
583,167
311,167
540,167
445,167
12,167
493,167
298,43
669,43
424,43
345,43
1,43
571,43
192,43
454,43
211,43
562,43
695,43
409,43
698,43
300,43
219,43
469,43
149,43
186,43
526,43
225,43
64,43
610,43
188,43
568,43
41,43
15,43
87,43
412,5
80,5
203,5
370,5
515,5
75,5
83,5
269,5
182,5
693,5
676,5
602,5
652,5
190,5
337,5
426,5
192,5
44,5
460,5
205,5
248,5
255,5
136,5
529,5
658,5
197,5
661,5
56,5
33,5
88,5
617,5
434,5
167,306
358,306
175,306
335,306
389,306
354,306
297,306
627,306
184,306
676,306
472,306
594,306
239,306
240,306
259,306
690,306
500,306
10,306
170,306
702,306
356,306
517,306
286,306
532,306
235,306
640,306
62,306
39,306
522,306
659,195
70,195
150,195
417,195
499,195
361,195
704,195
117,195
634,195
711,195
257,195
519,195
186,195
15,195
474,195
24,195
316,195
398,195
662,195
29,195
438,195
365,195
255,195
108,195
628,195
480,195
137,195
72,195
618,195
195,195
271,195
95,195
77,98
19,98
525,98
132,98
544,98
648,98
581,98
641,98
427,98
600,98
414,98
54,98
107,98
540,98
496,98
276,98
624,98
234,98
311,98
491,98
387,98
593,98
332,98
372,98
708,98
682,148
459,148
681,148
266,148
700,148
540,148
86,148
620,148
406,148
316,148
295,148
71,148
272,148
235,148
75,148
573,148
428,148
680,148
486,148
586,148
105,148
615,148
498,148
455,148
341,148
188,148
672,148
191,148
695,166
249,166
201,166
691,166
341,166
88,166
640,166
544,166
370,166
445,166
540,166
286,166
552,166
677,166
683,166
44,166
168,166
259,166
620,166
629,166
334,166
595,166
554,166
661,166
246,166
159,166
269,166
662,180
499,180
420,180
553,180
180,180
653,180
417,180
704,180
274,180
691,180
327,180
368,180
610,180
141,180
598,180
492,180
255,85
468,85
654,85
570,85
196,85
629,85
48,85
701,85
333,85
473,85
713,85
153,85
674,85
613,85
189,85
91,85
55,85
181,85
699,85
63,85
532,85
661,85
268,85
130,85
635,252
516,252
225,252
554,252
20,252
156,252
246,252
501,252
591,252
90,252
283,252
378,252
415,252
39,252
380,252
373,252
678,252
239,252
455,252
203,252
64,252
305,252
701,252
434,252
29,252
179,252
358,252
394,252
103,252
216,252
173,252
101,82
573,82
142,82
464,82
524,82
188,82
247,82
496,82
629,82
217,82
432,82
210,82
248,82
666,82
145,82
663,82
648,82
530,82
484,82
102,82
106,82
193,82
590,82
532,82
5,82
559,42
254,42
630,42
13,42
653,42
129,42
143,42
470,42
312,42
289,42
125,42
363,42
469,42
533,42
451,42
330,42
303,42
301,42
4,42
47,42
39,42
157,42
172,42
175,42
56,42
261,42
443,42
265,42
491,239
110,239
209,239
180,239
572,239
469,239
636,239
479,239
33,239
46,239
445,239
39,239
130,239
269,239
108,239
461,239
488,239
377,239
222,239
101,239
347,158
129,158
71,158
695,158
319,158
488,158
311,158
93,158
205,158
61,158
323,158
659,158
356,158
477,158
395,158
361,158
650,158
424,158
293,158
230,158
588,158
271,158
272,158
232,158
412,158
279,158
417,23
422,23
613,23
218,23
56,23
452,23
647,23
4,23
598,23
676,23
70,23
286,23
665,23
499,23
111,23
295,23
193,23
213,23
134,23
566,23
197,23
264,23
702,23
101,23
680,23
482,23
18,223
582,223
36,223
651,223
297,223
561,223
209,223
109,223
490,223
496,223
303,223
183,223
181,223
307,223
369,223
636,223
63,223
98,223
55,223
592,223
387,223
108,223
81,223
166,223
44,223
123,223
391,223
226,223
347,223
308,223
61,60
537,60
18,60
507,60
24,60
413,60
353,60
584,60
405,60
3,60
502,60
600,60
355,60
631,60
668,60
657,60
222,60
514,214
668,214
521,214
485,214
441,214
270,214
427,214
350,214
277,214
197,214
99,214
641,214
221,214
31,214
632,214
322,214
692,214
280,214
169,214
697,214
564,214
400,214
359,214
271,214
382,214
655,214
407,189
47,189
295,189
335,189
268,189
515,189
650,189
177,189
59,189
270,189
208,189
130,189
339,189
361,189
473,189
55,189
32,189
575,189
149,189
14,189
304,189
602,189
257,189
311,189
166,189
88,189
199,189
674,189
347,189
437,189
312,189
538,189
535,189
488,189
655,189
129,189
281,189
511,189
626,189
254,244
440,244
577,244
552,244
203,244
106,244
663,244
683,244
667,244
678,244
242,244
140,244
345,244
373,244
573,244
265,244
174,244
163,244
306,244
247,244
157,244
69,244
71,244
102,244
420,244
314,244
113,244
608,244
433,244
489,244
696,244
381,244
613,244
282,244
38,290
433,290
250,290
438,290
553,290
432,290
353,290
431,290
229,290
427,290
477,290
712,290
543,290
195,290
545,290
636,290
351,290
657,290
641,290
358,290
283,290
536,290
449,290
528,290
239,290
586,118
569,118
529,118
345,118
213,118
107,118
291,118
209,118
221,118
712,118
260,118
363,118
162,118
646,118
292,118
321,118
42,118
589,118
462,118
72,118
603,118
696,118
244,118
12,118
349,118
584,118
690,118
229,118
499,118
28,118
607,118
547,118
341,118
9,118
544,264
198,264
302,264
287,264
288,264
437,264
169,264
470,264
548,264
660,264
579,264
34,264
282,264
336,264
408,264
125,264
274,264
394,264
461,264
142,264
285,264
145,264
563,264
279,264
315,264
11,264
144,264
501,264
391,264
50,269
277,269
74,269
664,269
311,269
165,269
555,269
594,269
248,269
53,269
396,269
149,269
283,269
139,269
289,269
205,269
182,269
448,269
429,269
444,269
31,269
367,269
550,130
545,130
304,130
43,130
507,130
526,130
399,130
76,130
298,130
655,130
208,130
137,130
195,130
151,130
48,130
124,130
158,130
218,130
53,130
690,130
370,130
501,130
406,130
666,130
533,130
366,130
334,130
254,130
441,130
24,130
45,130
369,130
307,130
202,130
62,130
241,130
558,130
467,130
184,130
661,130
37,132
106,132
128,132
247,132
513,132
360,132
223,132
642,132
713,132
405,132
246,132
444,132
287,132
190,132
332,132
568,132
76,132
220,132
544,132
169,132
341,132
652,132
363,132
430,132
159,132
271,132
167,132
387,132
104,132
49,132
451,132
235,132
28,122
178,122
51,122
318,122
170,122
485,122
662,122
99,122
385,122
301,122
711,122
130,122
598,122
709,122
672,122
686,122
194,122
83,122
23,122
189,122
556,122
382,122
8,122
344,122
38,122
497,122
194,92
293,92
637,92
159,92
574,92
419,92
67,92
488,92
518,92
476,92
177,92
661,92
539,92
125,92
74,92
644,92
137,92
432,92
140,92
379,92
507,92
167,92
276,92
646,92
443,92
72,92
199,92
536,92
525,92
398,47
410,47
636,47
434,47
256,47
270,47
233,47
231,47
276,47
627,47
200,47
59,47
560,47
184,47
488,47
604,47
0,47
665,47
141,47
22,47
148,47
354,47
157,47
650,47
247,47
60,47
600,47
365,47
520,47
644,47
431,47
392,47
415,47
30,47
255,47
128,47
144,237
293,237
679,237
228,237
503,237
471,237
639,237
216,237
397,237
135,237
517,237
669,237
120,237
280,237
160,237
166,237
431,237
302,237
356,237
433,237
348,237
573,237
17,237
589,237
71,237
676,237
599,302
234,302
628,302
324,302
325,302
431,302
242,302
405,302
453,302
700,302
701,302
40,302
255,302
246,302
371,302
284,302
179,302
126,302
637,302
535,302
642,302
444,302
633,302
544,152
307,152
395,152
538,152
223,152
13,152
54,152
623,152
103,152
570,152
117,152
37,152
598,152
80,152
3,152
576,152
498,152
483,152
539,152
548,152
198,152
302,152
18,152
546,152
521,152
121,152
332,152
565,55
572,55
646,55
619,55
592,55
284,55
598,55
440,55
295,55
688,55
288,55
652,55
18,55
74,55
116,55
156,55
211,55
367,55
422,55
49,55
180,55
313,55
39,55
398,55
420,55
520,55
54,55
694,55
376,55
233,171
411,171
601,171
501,171
554,171
213,171
526,171
304,171
371,171
226,171
434,171
28,171
141,171
617,171
393,171
451,171
292,171
535,171
471,171
54,171
350,171
144,171
145,171
499,171
193,308
95,308
186,308
485,308
461,308
223,308
129,308
563,308
309,308
611,308
323,308
194,308
59,308
695,308
668,308
498,308
443,285
325,285
712,285
55,285
63,285
531,285
254,285
86,285
692,285
234,285
56,285
60,285
376,285
697,285
498,285
294,285
37,285
665,285
380,285
512,285
322,285
504,285
555,285
308,285
62,285
161,285
159,285
519,299
540,299
361,299
208,299
74,299
594,299
108,299
514,299
359,299
407,299
313,299
487,299
485,299
84,299
611,299
433,299
323,299
52,299
601,299
258,299
543,299
286,51
168,51
420,51
640,51
482,51
279,51
517,51
333,51
221,51
384,51
704,51
328,51
167,51
434,51
452,51
601,51
549,51
652,51
321,51
31,51
643,51
100,51
489,51
119,51
391,51
319,51
687,51
445,51
329,51
468,51
93,51
547,229
587,229
44,229
467,229
95,229
271,229
397,229
679,229
140,229
575,229
118,229
46,229
247,229
457,229
552,229
23,229
130,229
481,229
122,229
526,229
148,229
406,229
380,229
215,229
647,229
278,229
710,229
654,229
86,229
462,72
545,72
353,72
300,72
268,72
241,72
593,72
655,72
338,72
515,72
157,72
165,72
329,72
521,72
668,72
271,72
645,72
489,72
419,72
627,72
127,72
677,79
75,79
671,79
282,79
652,79
379,79
97,79
127,79
48,79
202,79
210,79
386,79
253,79
356,79
264,79
350,79
423,79
302,79
3,79
340,79
600,79
567,79
326,79
38,79
178,79
181,79
645,79
308,79
537,79
538,297
421,297
679,297
230,297
8,297
137,297
546,297
445,297
690,297
242,297
359,297
197,297
414,297
598,297
711,297
119,297
614,297
22,297
182,297
466,297
585,297
622,297
386,297
452,9
484,9
369,9
656,9
574,9
391,9
209,9
93,9
143,9
612,9
207,9
388,9
353,9
229,9
385,9
231,9
496,9
660,9
220,9
263,9
130,9
217,9
552,9
210,78
143,78
37,78
572,78
658,78
96,78
638,78
680,78
71,78
488,78
694,78
292,78
543,78
55,78
171,78
654,78
134,78
368,78
341,78
423,78
651,78
470,78
214,78
241,78
573,78
425,78
622,78
79,78
312,78
489,78
426,276
92,276
147,276
451,276
315,276
269,276
200,276
238,276
143,276
91,276
9,276
175,276
404,276
402,276
518,276
159,276
527,276
559,276
68,276
564,276
59,276
707,276
428,276
115,276
283,276
318,276
57,141
669,141
444,141
470,141
409,141
442,141
497,141
248,141
632,141
261,141
482,141
98,141
495,141
550,141
211,141
588,141
303,141
309,141
141,141
47,141
477,141
115,141
59,141
689,141
167,141
520,141
200,141
399,141
709,112
80,112
645,112
525,112
705,112
607,112
374,112
393,112
77,112
625,112
395,112
630,112
474,112
193,112
379,112
278,112
136,112
357,112
225,112
493,112
35,112
219,112
319,112
502,112
209,112
119,112
351,112
224,112
140,112
664,112
481,112
624,112
402,112
639,112
315,112
100,112
262,112
657,112
361,112
659,10
333,10
445,10
155,10
385,10
464,10
394,10
57,10
343,10
623,10
257,10
262,10
120,10
386,10
656,10
515,10
103,10
281,10
132,10
597,10
311,10
89,10
138,10
502,10
308,10
354,10
577,10
508,10
443,10
251,10
703,10
181,10
176,10
653,199
356,199
523,199
181,199
255,199
204,199
151,199
146,199
319,199
581,199
155,199
418,199
654,199
492,199
324,199
52,199
59,199
267,199
315,199
385,199
15,199
148,199
156,199
396,199
132,199
102,199
143,199
316,199
596,199
684,199
387,199
372,199
76,199
38,199
278,254
668,254
133,254
147,254
91,254
110,254
21,254
694,254
218,254
606,254
223,254
89,254
507,254
195,254
394,254
414,254
436,254
65,254
51,254
365,254
225,220
137,220
77,220
63,220
371,220
53,220
173,220
362,220
480,220
448,220
101,220
179,220
498,220
165,220
85,220
468,220
640,220
250,220
324,220
7,220
88,220
151,220
644,220
163,220
444,220
446,220
653,220
183,220
192,50
331,50
561,50
707,50
399,50
418,50
131,50
87,50
359,50
466,50
321,50
549,50
101,50
314,50
428,50
338,50
94,50
384,50
258,50
361,50
394,50
270,50
9,50
672,50
499,50
145,50
54,146
457,146
656,146
520,146
98,146
90,146
505,146
523,146
355,146
582,146
22,146
31,146
398,146
124,146
638,146
87,146
286,146
175,146
552,146
68,146
413,146
528,146
372,146
628,146
206,146
17,146
403,146
23,146
627,146
628,64
536,64
373,64
251,64
443,64
125,64
440,64
577,64
88,64
421,64
269,64
474,64
20,64
695,64
160,64
205,64
244,64
521,64
241,64
342,64
639,64
332,64
84,64
148,64
195,64
328,64
104,64
409,215
494,215
533,215
249,215
315,215
469,215
322,215
542,215
587,215
493,215
270,215
16,215
690,215
195,215
11,215
137,215
121,215
182,215
61,215
353,215
158,215
700,215
3,215
157,215
371,215
611,215
233,81
161,81
383,81
39,81
335,81
193,81
410,81
228,81
138,81
510,81
320,81
706,81
671,81
102,81
624,81
424,81
568,81
270,81
194,81
474,81
304,81
330,81
519,81
512,81
303,81
114,81
213,81
191,81
676,81
316,81
342,187
615,187
309,187
72,187
4,187
608,187
403,187
322,187
287,187
236,187
208,187
399,187
216,187
49,187
295,187
670,187
62,187
20,187
48,187
531,187
519,187
484,187
525,187
396,187
681,187
528,187
455,39
210,39
709,39
638,39
473,39
313,39
221,39
248,39
361,39
447,39
666,39
123,39
359,39
641,39
246,39
663,39
693,39
34,39
448,39
312,39
40,8
357,8
82,8
489,8
651,8
522,8
459,8
402,8
476,8
413,8
663,8
332,8
212,8
297,8
267,8
229,8
342,8
23,8
656,8
509,8
198,8
169,8
191,8
512,8
233,8
151,8
284,8
360,8
104,8
236,176
606,176
100,176
614,176
515,176
652,176
307,176
148,176
412,176
511,176
383,176
645,176
702,176
462,176
51,176
566,176
98,176
493,176
103,176
669,176
312,176
250,176
134,176
30,176
544,176
414,176
201,176
397,176
709,176
9,176
354,176
629,176
625,176
375,186
469,186
214,186
370,186
436,186
97,186
90,186
163,186
373,186
634,186
495,186
659,186
16,186
79,186
457,186
587,186
169,186
631,186
433,186
369,186
207,186
616,186
12,186
314,186
7,14
667,14
101,14
197,14
517,14
591,14
4,14
142,14
512,14
602,14
156,14
157,14
487,14
629,14
118,14
406,14
709,14
499,14
604,14
693,14
553,14
268,14
590,242
135,242
58,242
119,242
591,242
317,242
138,242
228,242
627,242
534,242
496,242
374,242
464,242
0,242
90,242
606,242
471,242
263,242
532,242
607,242
548,242
280,242
108,242
515,242
213,242
16,242
266,242
663,242
126,242
185,203
43,203
61,203
217,203
235,203
146,203
94,203
699,203
41,203
39,203
584,203
130,203
448,203
708,203
373,203
712,203
481,203
702,203
135,203
203,203
574,203
616,203
498,203
508,203
497,203
517,203
16,203
22,203
200,127
345,127
583,127
463,127
313,127
133,127
92,127
290,127
272,127
182,127
709,127
350,127
95,127
142,127
30,127
172,127
180,127
294,127
656,127
185,127
285,127
187,127
174,127
675,127
5,127
358,127
502,127
628,127
363,127
495,127
597,127
472,127
109,127
710,127
154,127
679,127
188,46
227,46
295,46
269,46
415,46
678,46
93,46
521,46
399,46
163,46
394,46
629,46
477,46
51,46
427,46
99,46
61,46
252,46
305,46
421,46
492,46
613,46
496,46
56,46
403,46
497,46
136,46
482,46
372,46
38,46
292,46
416,46
379,46
312,46
200,106
469,106
93,106
349,106
683,106
674,106
529,106
355,106
597,106
124,106
699,106
257,106
101,106
410,106
508,106
556,106
87,76
256,76
13,76
337,76
273,76
316,76
24,76
703,76
497,76
466,76
129,76
467,76
610,76
255,76
74,76
286,76
175,76
198,76
552,76
360,76
160,76
262,76
26,76
366,76
713,76
102,125
621,125
360,125
578,125
652,125
555,125
636,125
566,125
293,125
647,125
709,125
22,125
472,125
630,125
143,125
620,125
469,125
687,125
180,125
221,125
259,125
251,125
598,125
417,125
136,125
150,125
213,125
96,125
483,125
73,142
576,142
221,142
442,142
154,142
656,142
582,142
374,142
129,142
72,142
289,142
364,142
592,142
459,142
400,142
284,142
127,142
306,142
644,142
555,142
190,142
2,142
206,142
630,142
204,142
362,142
324,142
198,142
243,142
58,283
230,283
116,283
572,283
526,283
508,283
276,283
557,283
700,283
573,283
219,283
103,283
510,283
373,283
458,28
602,28
663,28
435,28
99,28
553,28
511,28
598,28
614,28
100,28
320,28
612,28
522,28
16,28
448,28
645,28
340,28
693,28
648,28
557,28
326,28
594,28
530,253
24,253
599,253
35,253
520,253
672,253
166,253
92,253
617,253
678,253
354,253
531,253
64,253
79,253
96,253
322,253
355,253
603,253
694,253
168,253
239,253
403,253
410,253
53,253
86,253
65,65
428,65
395,65
544,65
14,65
247,65
625,65
114,65
161,65
366,65
353,65
134,65
426,65
54,65
520,65
576,65
631,65
62,65
374,65
22,65
557,65
75,65
712,65
446,65
656,65
603,65
128,65
109,65
321,65
660,65
419,65
115,65
117,65
105,65
605,65
310,65
349,95
406,95
421,95
58,95
272,95
328,95
36,95
549,95
74,95
468,95
459,95
31,95
676,95
610,95
412,95
235,95
277,95
20,95
615,95
213,95
306,95
5,95
533,95
295,95
125,95
509,95
604,95
172,95
528,95
518,95
547,95
401,95
441,95
132,95
602,95
200,95
356,95
625,95
702,95
579,95
180,95
14,95
25,95
57,99
323,99
447,99
25,99
278,99
379,99
203,99
559,99
290,99
563,99
263,99
254,99
276,99
326,99
494,99
371,99
533,99
443,99
508,11
615,11
7,11
518,11
133,11
5,11
497,11
663,11
41,11
283,11
285,11
452,11
630,11
430,11
74,11
668,11
170,11
174,11
563,11
12,11
324,11
147,11
514,11
651,11
404,11
22,11
397,11
418,286
620,286
457,286
160,286
550,286
329,286
9,286
216,286
328,286
680,286
2,286
561,286
583,286
91,286
708,286
566,286
629,286
378,286
285,286
487,286
605,286
597,286
649,286
225,286
246,286
690,286
526,286
415,286
383,286
356,286
32,226
490,226
481,226
74,226
639,226
266,226
213,226
272,226
538,226
392,226
519,226
243,226
455,226
661,226
54,226
709,226
274,226
424,226
425,226
108,226
60,226
674,226
110,226
172,226
92,226
106,226
632,226
273,226
38,226
63,226
107,226
173,226
698,226
37,226
374,226
482,226
703,102
640,102
205,102
534,102
144,102
367,102
255,102
496,102
553,102
321,102
104,102
566,102
106,102
446,102
298,102
54,102
357,102
176,102
388,102
362,102
312,102
694,102
484,102
297,102
135,102
306,102
310,102
638,102
309,102
31,102
70,68
307,68
485,68
695,68
74,68
478,68
543,68
414,68
43,68
566,68
335,68
494,68
81,68
524,68
590,68
119,68
51,68
104,68
564,68
366,68
361,68
647,68
562,68
643,68
531,250
713,250
269,250
614,250
543,250
569,250
28,250
563,250
316,250
641,250
533,250
309,250
113,250
532,250
472,250
95,250
536,250
634,250
146,250
578,250
361,250
86,250
628,250
464,250
409,250
503,250
459,250
323,250
410,250
77,250
413,250
520,250
51,250
483,274
335,274
174,274
166,274
342,274
511,274
265,274
625,274
602,274
235,274
534,274
369,274
585,274
705,274
75,274
481,274
219,274
218,274
429,274
37,274
79,274
411,274
561,274
83,274
280,274
133,274
479,274
48,274
225,274
452,274
467,274
222,274
608,274
626,274
505,30
647,30
267,30
140,30
692,30
527,30
440,30
242,30
673,30
183,30
662,30
678,30
697,30
369,30
539,30
263,30
311,30
606,30
189,30
416,30
103,30
711,30
340,30
9,30
394,30
543,30
659,30
173,30
5,30
39,115
56,115
77,115
517,115
495,115
155,115
480,115
638,115
223,115
256,115
583,115
671,115
138,115
252,115
297,115
213,115
567,115
45,115
242,115
147,115
166,115
622,115
382,115
687,115
1,115
416,115
706,115
531,168
176,168
659,168
365,168
601,168
501,168
374,168
265,168
318,168
303,168
558,168
455,168
313,168
232,168
532,168
713,168
700,168
445,168
448,168
498,168
641,168
5,168
260,168
524,168
424,168
26,168
131,172
116,172
326,172
33,172
83,172
303,172
278,172
328,172
203,172
318,172
207,172
189,172
651,172
202,172
517,172
67,172
284,172
23,172
465,172
450,172
490,172
673,172
20,172
585,172
240,172
34,172
352,172
221,172
54,172
151,172
418,172
610,172
190,172
463,172
498,230
644,230
286,230
60,230
670,230
469,230
44,230
223,230
517,230
149,230
94,230
279,230
578,230
467,230
650,230
631,230
99,230
234,230
150,230
350,230
218,230
431,230
395,230
566,230
135,230
88,230
622,230
335,230
220,230
592,230
432,230
412,230
418,230
319,230
695,230
556,233
129,233
176,233
662,233
290,233
594,233
187,233
151,233
455,233
452,233
119,233
574,233
323,233
513,233
339,233
65,233
616,233
160,233
498,233
190,233
461,233
108,233
285,255
220,255
122,255
479,255
177,255
426,255
579,255
605,255
508,255
67,255
695,255
14,255
109,255
297,255
475,255
136,255
620,255
388,255
457,255
597,255
174,255
427,255
690,255
524,255
209,255
230,255
310,255
676,255
666,255
302,255
660,255
334,255
441,255
120,97
360,97
532,97
354,97
143,97
348,97
563,97
559,97
708,97
635,97
157,97
36,97
395,97
547,97
211,97
89,97
358,97
219,97
606,97
578,97
57,97
304,97
659,97
564,97
649,97
585,97
328,97
669,97
68,66
261,66
564,66
83,66
402,66
664,66
542,66
387,66
211,66
2,66
124,66
637,66
518,66
122,66
123,66
531,66
216,66
600,66
46,66
292,66
12,66
301,66
616,66
251,66
144,66
425,66
168,227
310,227
538,227
608,227
394,227
2,227
44,227
375,227
224,227
620,227
498,227
364,227
612,227
55,227
324,227
162,227
267,227
227,227
455,116
54,116
559,116
428,116
429,116
633,116
580,116
374,116
544,116
452,116
704,116
408,116
92,116
29,116
679,116
396,116
376,116
128,116
249,116
169,116
161,116
212,116
677,116
357,116
686,116
420,116
152,116
36,116
626,256
157,256
322,256
172,256
140,256
327,256
71,256
184,256
676,256
201,256
634,256
342,256
182,256
450,256
29,256
17,256
47,256
406,256
531,256
665,256
542,256
256,256
611,256
148,256
158,256
686,256
486,256
625,256
551,256
410,15
162,15
694,15
695,15
105,15
285,15
384,15
611,15
712,15
535,15
343,15
658,15
7,15
235,15
693,15
270,15
547,15
0,15
192,15
625,212
415,212
105,212
181,212
449,212
648,212
69,212
574,212
473,212
9,212
13,212
204,212
663,212
113,212
463,212
336,212
306,212
25,212
520,212
670,212
330,212
241,212
147,212
448,212
637,212
467,212
692,212
637,155
250,155
88,155
291,155
449,155
36,155
686,155
270,155
123,155
541,155
491,155
393,155
492,155
86,155
150,155
577,155
68,155
321,241
494,241
147,241
305,241
268,241
244,241
154,241
218,241
442,241
678,241
365,241
106,241
42,241
207,241
203,241
17,241
601,241
462,241
93,241
19,241
472,241
480,241
463,241
6,241
590,241
398,241
509,159
268,159
453,159
640,159
687,159
703,159
543,159
264,159
255,159
97,159
463,159
385,159
491,159
71,159
214,159
450,159
440,159
326,159
643,159
302,159
425,159
439,159
274,159
183,159
279,159
201,159
498,159
185,159
710,159
262,159
501,159
88,159
622,67
272,67
680,67
471,67
626,67
362,67
537,67
494,67
107,67
530,67
170,67
713,67
73,67
446,67
262,67
657,67
619,67
219,67
334,67
437,67
602,67
159,67
684,67
242,67
7,67
288,67
442,182
472,182
421,182
705,182
585,182
507,182
310,182
697,182
638,182
27,182
94,182
136,182
217,182
325,182
380,182
602,182
327,182
695,182
664,182
218,182
364,182
395,182
501,182
547,182
449,182
169,182
115,182
592,182
692,182
393,182
313,182
74,150
409,150
613,150
668,150
664,150
553,150
624,150
610,150
584,150
443,150
568,150
233,150
420,150
530,150
604,150
72,150
83,150
136,150
153,150
54,150
361,150
21,150
103,150
137,150
239,208
581,208
666,208
265,208
577,208
669,208
519,208
56,208
412,208
561,208
84,208
125,208
697,208
387,208
107,208
330,208
246,208
120,208
147,208
389,208
677,208
385,208
527,208
236,208
525,208
586,208
355,208
298,208
71,208
685,208
209,208
390,208
456,208
323,208
234,208
638,208
51,208
369,208
138,2
544,2
646,2
187,2
423,2
125,2
497,2
83,2
584,2
101,2
704,2
534,2
574,2
682,2
605,2
634,2
144,2
18,2
512,2
280,2
390,2
120,2
36,2
94,2
48,2
35,2
630,2
298,2
362,2
133,2
580,2
387,2
562,2
105,128
487,128
612,128
197,128
577,128
215,128
247,128
611,128
698,128
647,128
169,128
210,128
127,128
460,128
250,128
344,128
413,128
48,128
396,128
39,128
651,128
72,128
547,192
539,192
126,192
160,192
264,192
229,192
412,192
480,192
127,192
279,192
242,192
82,192
122,192
558,192
643,192
114,192
80,192
705,192
679,192
517,192
490,192
579,192
556,192
220,192
174,192
77,192
319,192
424,192
214,192
267,192
357,192
13,192
202,192
704,192
138,192
369,192
673,192
694,192
347,192
564,192
686,192
216,192
263,192
628,192
507,192
213,192
655,192
694,288
433,288
312,288
655,288
137,288
7,288
74,288
605,288
594,288
37,288
520,288
654,288
523,288
87,288
566,288
110,288
243,288
353,288
292,288
300,288
604,288
608,288
588,288
603,288
315,288
545,288
371,288
404,288
277,288
445,288
27,288
448,288
179,109
347,109
611,109
616,109
563,109
406,109
188,109
581,109
712,109
141,109
231,109
570,109
496,109
212,109
468,109
263,109
310,109
116,109
219,109
174,109
11,109
629,109
123,109
671,109
397,109
644,109
194,109
266,280
409,280
434,280
392,280
497,280
129,280
98,280
411,280
338,280
499,280
97,280
376,280
282,280
633,280
42,280
261,280
13,280
588,280
553,280
552,280
666,280
589,280
300,280
10,280
355,280
85,280
307,280
147,280
701,280
136,280
525,280
635,280
625,280
122,280
500,280
204,280
247,18
16,18
104,18
623,18
115,18
686,18
648,18
526,18
209,18
50,18
509,18
274,18
210,18
420,18
711,18
29,18
501,18
630,18
144,18
370,18
31,18
585,18
622,18
621,18
435,18
633,267
490,267
125,267
538,267
99,267
520,267
596,267
84,267
278,267
580,267
163,267
387,267
7,267
418,267
303,267
662,267
120,267
191,267
180,267
631,267
139,267
448,267
221,267
579,267
638,267
44,267
481,267
155,267
707,267
95,267
61,267
142,267
110,267
515,267
326,266
156,266
609,266
516,266
61,266
401,266
55,266
700,266
82,266
470,266
534,266
122,266
209,266
389,266
473,266
610,266
467,266
601,266
63,266
674,266
429,266
98,266
617,266
345,266
669,266
664,266
502,266
117,266
370,266
187,266
560,295
237,295
84,295
177,295
238,295
365,295
450,295
101,295
589,295
51,295
458,295
622,295
393,295
469,295
136,295
145,295
550,295
314,295
182,295
61,295
502,295
572,295
549,295
523,295
203,295
612,295
23,295
150,295
274,295
352,295
388,22
605,22
542,22
281,22
213,22
16,22
456,22
4,22
208,22
437,22
369,22
222,22
114,22
433,22
252,22
314,22
479,22
576,22
237,22
680,22
20,22
439,22
9,22
664,22
463,22
34,22
570,22
513,22
29,22
581,22
204,22
532,22
354,22
419,22
193,22
252,194
11,194
278,194
571,194
35,194
86,194
335,194
632,194
484,194
68,194
234,194
219,194
450,194
308,194
528,194
17,194
681,194
692,194
478,194
465,194
386,194
245,194
138,194
524,194
19,194
306,194
13,120
431,120
59,120
148,120
98,120
340,120
594,120
349,120
53,120
583,120
668,120
459,120
392,120
222,120
346,120
351,120
442,120
316,120
129,120
145,120
495,120
503,120
188,120
266,120
592,120
455,120
673,120
359,287
501,287
229,287
446,287
73,287
693,287
280,287
51,287
324,287
705,287
697,287
39,287
662,287
663,287
572,287
48,287
566,287
496,287
112,287
704,287
348,287
340,287
220,287
409,287
264,287
76,190
240,190
364,190
320,190
121,190
231,190
307,190
580,190
95,190
22,190
90,190
599,190
14,190
167,190
177,190
215,190
326,190
687,190
482,190
205,190
100,164
292,164
277,164
52,164
35,164
287,164
30,164
616,164
556,164
434,164
222,164
345,164
325,164
585,164
422,164
170,164
176,164
579,164
461,164
369,164
64,164
123,193
487,193
548,193
532,193
711,193
73,193
316,193
349,193
483,193
268,193
17,193
685,193
432,193
338,193
426,193
526,193
302,193
571,193
415,193
254,193
62,193
342,193
12,193
269,193
67,193
565,193
506,193
554,193
637,193
186,193
618,193
250,133
17,133
278,133
28,133
684,133
247,133
76,133
381,133
245,133
594,133
372,133
63,133
404,133
695,133
426,133
235,133
613,133
618,133
638,133
708,133
146,133
40,133
198,133
516,133
620,133
97,133
423,27
351,27
503,27
623,27
495,27
218,27
521,27
666,27
148,27
555,27
681,27
382,27
174,27
191,27
379,27
79,27
75,27
340,27
141,27
100,27
56,27
320,27
697,27
177,27
225,27
84,198
621,198
87,198
149,198
577,198
491,198
403,198
252,198
203,198
264,198
166,198
225,198
31,198
282,198
511,198
121,198
592,198
95,198
107,198
70,198
519,198
191,198
405,198
214,198
505,198
593,198
255,198
365,198
418,198
312,198
328,198
348,31
583,31
58,31
268,31
584,31
123,31
356,31
371,31
394,31
161,31
665,31
436,31
599,31
284,31
60,31
62,31
74,31
465,31
291,31
89,31
596,31
1,31
124,31
239,31
592,31
0,31
500,31
423,31
289,31
76,31
426,31
38,31
216,217
323,217
316,217
499,217
666,217
397,217
32,217
153,217
259,217
252,217
565,217
265,217
560,217
454,217
650,217
486,217
603,217
420,217
331,217
478,217
581,217
173,217
143,217
396,217
695,217
128,217
174,217
125,217
417,217
94,217
497,217
195,217
53,217
112,217
673,12
338,12
124,12
359,12
392,12
479,12
83,12
47,12
116,12
435,12
357,12
434,12
246,12
78,12
193,12
355,12
431,12
450,12
344,12
84,12
385,12
353,12
515,12
194,12
100,12
198,12
303,12
396,12
457,12
626,12
306,12
101,12
18,12
652,12
184,12
130,12
477,12
4,12
430,12
676,188
125,188
608,188
342,188
215,188
512,188
61,188
656,188
703,188
23,188
117,188
675,188
498,188
495,188
212,188
484,188
583,188
295,188
58,188
542,188
309,188
219,188
330,188
102,188
679,4
116,4
488,4
389,4
639,4
685,4
35,4
17,4
242,4
701,4
225,4
284,4
118,4
584,4
159,4
49,4
589,4
681,4
457,4
443,4
636,4
635,178
619,178
704,178
336,178
494,178
445,178
477,178
168,178
510,178
358,178
32,178
363,178
666,178
347,178
604,178
364,178
360,178
198,178
279,178
639,178
218,178
292,178
273,178
671,178
546,178
80,178
318,178
251,178
482,178
191,178
157,178
256,178
192,100
115,100
332,100
478,100
145,100
575,100
79,100
386,100
501,100
619,100
461,100
358,100
255,100
667,100
59,100
82,100
242,100
696,100
38,100
416,100
223,100
173,100
96,100
112,100
90,100
566,100
706,100
57,100
500,100
523,309
81,309
447,309
234,309
597,309
5,309
330,309
75,309
677,309
486,309
197,309
561,309
61,309
592,309
591,309
340,309
691,309
173,309
315,309
577,309
289,309
326,309
524,309
87,309
243,309
306,309
671,309
426,309
53,309
334,48
572,48
132,48
68,48
83,48
469,48
272,48
147,48
330,48
713,48
596,48
650,48
56,48
630,48
424,48
435,48
539,48
563,48
651,48
649,48
35,48
695,48
243,48
591,48
121,48
116,48
394,48
301,48
613,48
645,48
654,48
584,48
59,48
296,48
414,48
136,48
412,48
29,48
398,48
58,48
232,231
549,231
20,231
499,231
489,231
132,231
702,231
116,231
234,231
497,231
139,231
517,231
284,231
649,231
16,231
26,231
651,231
699,231
100,231
394,231
569,231
73,231
160,231
349,231
179,231
57,231
367,231
473,231
131,231
205,231
303,231
622,231
603,231
144,231
352,231
8,17
362,17
132,17
694,17
358,17
563,17
178,17
477,17
218,17
342,17
591,17
709,17
390,17
619,17
325,17
364,17
261,17
187,17
264,17
152,17
463,17
365,17
690,17
186,17
148,17
520,17
54,17
206,89
582,89
627,89
290,89
554,89
136,89
361,89
119,89
349,89
32,89
379,89
568,89
241,89
448,89
686,89
680,89
614,89
449,89
671,89
68,89
84,89
75,89
183,89
688,89
547,89
367,89
260,89
243,89
254,52
217,52
100,52
216,52
278,52
634,52
670,52
549,52
0,52
119,52
235,52
7,52
437,52
250,52
89,52
26,52
195,52
693,52
293,52
252,52
584,52
350,52
668,52
672,52
44,52
309,52
445,52
609,143
526,143
166,143
390,143
23,143
254,143
122,143
419,143
572,143
203,143
446,143
98,143
361,143
108,143
295,143
320,143
211,143
504,143
459,143
667,143
594,143
351,143
485,143
329,143
533,143
242,143
601,143
57,143
20,90
444,90
508,90
295,90
224,90
487,90
531,90
209,90
114,90
311,90
401,90
661,90
252,90
71,90
502,90
45,90
632,90
537,90
7,90
615,90
671,90
525,90
569,90
273,90
81,90
365,90
25,77
415,77
439,77
304,77
410,77
560,77
619,77
414,77
533,77
559,77
253,77
311,77
16,77
579,77
650,77
422,77
474,77
446,77
663,77
528,77
137,77
389,77
312,77
100,77
32,77
365,77
8,77
499,77
345,77
606,77
291,77
689,77
358,77
544,77
430,77
369,77
387,37
388,37
473,37
104,37
282,37
557,37
635,37
694,37
0,37
254,37
182,37
453,37
598,37
493,37
703,37
206,37
88,37
304,37
628,37
325,37
484,37
618,37
457,37
313,37
563,37
294,37
543,37
439,37
194,37
217,37
257,37
364,37
307,37
8,37
420,157
108,157
342,157
439,157
21,157
634,157
670,157
145,157
300,157
520,157
228,157
437,157
448,157
466,157
8,157
132,157
139,157
371,157
498,157
392,157
41,157
173,157
388,157
516,157
369,157
584,157
30,157
697,157
378,157
560,157
522,157
44,35
258,35
377,35
473,35
93,35
401,35
505,35
60,35
692,35
265,35
373,35
11,35
289,35
433,35
170,35
218,35
489,35
304,35
471,35
197,35
70,35
183,35
29,35
167,35
141,35
15,35
585,35
138,35
32,35
104,35
214,35
574,35
600,35
539,293
511,293
404,293
471,293
208,293
598,293
33,293
647,293
181,293
427,293
81,293
682,293
607,293
614,293
177,293
382,293
228,293
153,293
15,293
203,293
649,293
426,293
174,293
466,293
51,293
690,293
642,134
493,134
690,134
220,134
333,134
189,134
207,134
10,134
474,134
673,134
665,134
326,134
696,134
660,134
536,134
156,134
425,134
629,134
26,134
417,134
86,134
107,134
514,134
237,134
152,134
648,134
454,134
254,25
678,25
412,25
280,25
447,25
19,25
505,25
390,25
663,25
187,25
358,25
542,25
283,25
201,25
279,25
697,25
526,25
83,25
484,25
415,25
474,25
605,25
531,25
297,25
701,25
85,25
11,25
116,103
391,103
577,103
454,103
36,103
710,103
375,103
523,103
293,103
690,103
89,103
193,103
102,103
371,103
353,103
257,103
631,103
127,103
301,103
450,103
241,103
153,103
238,251
226,251
197,251
502,251
523,251
85,251
602,251
307,251
104,251
467,251
629,251
61,251
279,251
46,251
492,251
697,251
478,251
76,251
232,251
568,251
645,251
356,251
651,251
244,251
350,251
317,251
373,251
177,251
318,251
364,251
510,101
555,101
137,101
56,101
398,101
332,101
91,101
31,101
472,101
268,101
216,101
450,101
469,101
503,101
293,101
187,119
227,119
681,119
281,119
611,119
542,119
20,119
539,119
63,119
482,119
600,119
543,119
696,119
564,119
44,119
153,119
323,119
85,119
160,119
58,119
663,119
695,119
582,119
46,119
369,119
629,119
364,119
419,119
509,119
74,1
536,1
227,1
222,1
99,1
557,1
561,1
469,1
52,1
95,1
499,1
134,1
93,1
182,1
367,1
486,1
568,1
604,1
445,1
580,1
628,1
585,1
291,1
688,1
32,1
9,1
298,117
604,117
485,117
31,117
337,117
206,117
571,117
446,117
60,117
670,117
635,117
217,117
235,117
476,117
610,117
67,117
198,117
565,117
425,117
131,117
49,117
363,117
328,117
121,117
309,117
550,117
412,117
304,117
241,117
101,117
238,117
95,291
602,291
609,291
462,291
185,291
150,291
483,291
298,291
364,291
497,291
116,291
703,291
363,291
217,291
561,291
507,291
638,291
630,291
342,291
324,291
709,291
314,291
453,291
625,291
323,291
408,291
438,291
488,291
229,291
637,291
336,291
115,291
479,291
608,291
125,114
87,114
278,114
674,114
448,114
480,114
596,114
1,114
682,114
411,114
270,114
568,114
410,114
447,114
465,114
283,114
135,114
166,38
508,38
685,38
207,38
564,38
261,38
680,38
394,38
189,38
556,38
97,38
459,38
107,38
584,38
474,38
222,38
391,38
320,38
711,38
153,38
146,38
369,38
211,38
162,38
580,38
491,38
676,38
361,38
503,38
348,38
515,38
216,38
616,38
409,38
608,235
146,235
574,235
345,235
115,235
509,235
283,235
180,235
229,235
98,235
634,235
140,235
389,235
322,235
711,235
430,235
494,235
206,235
375,235
273,235
139,235
313,235
286,235
61,235
582,235
643,235
412,235
618,235
621,235
517,235
367,235
256,235
359,235
137,113
84,113
590,113
680,113
490,113
486,113
433,113
173,113
426,113
635,113
276,113
312,113
649,113
652,113
345,113
129,113
293,113
19,113
366,113
50,113
559,113
229,113
250,163
594,163
612,163
349,163
595,163
524,163
415,163
490,163
493,163
383,163
2,163
369,163
238,163
3,163
554,163
361,163
462,163
295,163
73,163
613,163
403,163
421,163
144,163
660,163
373,163
147,163
438,163
174,163
212,163
286,163
364,163
14,234
409,234
109,234
400,234
636,234
591,234
284,234
173,234
471,234
351,234
429,234
383,234
412,234
441,234
44,234
702,234
213,234
442,234
187,234
126,234
669,234
408,234
184,234
373,234
623,234
598,234
148,234
504,234
662,45
180,45
149,45
258,45
210,45
383,45
516,45
337,45
386,45
639,45
430,45
102,45
283,45
640,45
177,45
287,45
363,45
211,45
477,45
668,45
56,45
341,45
331,45
412,45
185,45
518,45
470,45
181,45
300,45
142,45
686,45
395,45
313,45
631,45
339,45
23,45
455,216
516,216
593,216
670,216
228,216
632,216
144,216
398,216
291,216
159,216
199,216
628,216
415,216
681,216
37,216
319,216
92,216
695,216
238,216
482,216
36,216
436,216
635,216
222,216
522,191
81,191
455,191
679,191
262,191
256,191
302,191
171,191
177,191
253,191
323,191
298,191
319,191
500,191
652,191
9,191
119,191
301,191
346,191
379,191
227,191
72,191
266,191
90,191
508,191
563,191
609,191
336,191
433,201
210,201
64,201
463,201
400,201
649,201
437,201
193,201
412,201
697,201
106,201
486,201
313,201
453,201
610,201
667,201
146,201
25,201
98,201
631,201
418,201
435,201
672,201
236,211
455,211
51,211
592,211
479,211
590,211
667,211
67,211
533,211
363,211
238,211
96,211
326,211
683,211
163,211
87,211
506,211
342,211
616,211
69,211
624,211
295,211
34,211
413,211
637,211
433,260
604,260
308,260
678,260
414,260
301,260
629,260
527,260
597,260
289,260
377,260
553,260
176,260
393,260
651,260
26,260
315,260
316,260
434,260
83,260
521,260
407,260
600,260
13,260
319,40
88,40
29,40
262,40
414,40
688,40
649,40
629,40
292,40
264,40
383,40
75,40
148,40
634,40
309,40
297,40
438,40
570,40
412,40
325,40
615,40
23,40
172,40
43,40
580,40
417,40
313,238
483,238
279,238
177,238
652,238
51,238
240,238
548,238
103,238
33,238
516,238
303,238
291,238
553,238
84,238
180,238
289,238
160,238
504,238
253,238
567,238
354,238
43,238
86,238
227,238
315,238
10,238
114,238
408,238
577,238
415,238
305,238
428,238
2,238
322,238
40,238
172,145
272,145
39,145
479,145
410,145
679,145
143,145
659,145
326,145
169,145
482,145
455,145
465,145
509,145
519,145
441,145
528,145
292,145
663,145
603,145
488,145
258,145
710,145
270,145
243,145
147,281
381,281
453,281
485,281
322,281
156,281
352,281
263,281
409,281
345,281
233,281
668,281
607,281
614,281
343,281
368,281
683,281
6,281
646,281
681,281
708,281
440,281
218,281
680,281
581,281
434,111
302,111
550,111
694,111
50,111
239,111
544,111
526,111
429,111
579,111
426,111
493,111
593,111
250,111
524,111
580,111
321,111
354,111
506,111
307,111
76,111
143,111
521,111
616,111
4,111
43,111
152,111
605,278
652,278
692,278
264,278
330,278
452,278
558,278
495,278
15,278
101,278
433,278
132,278
68,278
370,278
156,278
47,278
341,278
537,278
705,278
502,278
372,278
13,278
627,278
257,278
82,278
34,278
178,278
303,278
283,278
286,278
46,278
654,278
375,278
154,278
128,232
35,232
82,232
141,232
654,232
75,232
655,232
469,232
380,232
526,232
669,232
569,232
55,232
646,232
78,232
236,232
343,232
659,232
355,232
422,232
107,232
531,232
14,232
322,232
671,232
398,232
280,232
551,232
681,232
134,232
625,232
698,232
324,232
446,232
675,232
537,232
481,232
182,232
586,232
315,310
347,310
160,310
379,310
63,310
323,310
44,310
620,310
600,310
550,310
362,310
87,310
244,310
68,310
153,310
505,310
542,310
42,310
277,310
653,310
634,310
538,310
100,310
410,310
40,310
571,310
202,310
129,310
388,310
409,310
118,310
357,310
447,310
461,310
479,310
61,310
422,310
350,310
6,170
235,170
61,170
495,170
84,170
668,170
511,170
50,170
678,170
336,170
288,170
491,170
531,170
127,170
16,170
203,170
171,170
128,170
90,170
80,170
590,170
5,170
499,170
414,170
231,58
680,58
224,58
256,58
189,58
477,58
569,58
300,58
387,58
530,58
266,58
230,58
228,58
314,58
347,58
550,58
453,58
243,58
523,58
315,58
107,59
42,59
84,59
699,59
1,59
585,59
578,59
552,59
533,59
366,59
123,59
371,59
19,59
180,59
26,59
713,59
269,59
119,59
530,59
689,59
325,59
44,59
367,59
471,59
57,59
387,59
166,59
364,59
54,169
346,169
45,169
423,169
486,169
24,169
365,169
432,169
644,169
615,169
297,169
673,169
125,169
246,169
591,169
513,169
464,169
249,169
529,169
165,169
424,169
411,169
493,169
677,169
322,169
51,169
156,169
71,169
167,169
263,169
408,169
290,169
72,169
312,169
481,169
399,169
161,169
388,169
445,205
177,205
40,205
570,205
710,205
648,205
345,205
326,205
200,205
682,205
617,205
581,205
134,205
610,205
205,205
93,205
517,205
241,205
233,205
202,205
228,205
175,205
393,205
16,205
700,205
655,205
615,205
388,205
686,205
469,205
551,205
407,205
550,205
523,205
155,205
235,205
433,205
73,140
243,140
387,140
550,140
559,140
311,140
126,140
644,140
317,140
593,140
381,140
421,140
93,140
519,140
452,140
27,140
502,140
415,140
510,140
384,140
703,140
708,140
226,140
305,140
444,140
103,140
22,140
492,140
221,140
589,140
558,140
465,140
493,140
384,29
673,29
397,29
127,29
526,29
693,29
323,29
12,29
644,29
360,29
553,29
645,29
84,29
660,29
423,29
410,29
303,29
472,29
211,29
102,29
289,29
481,29
201,29
603,29
556,29
134,29
523,29
610,29
302,268
182,268
604,268
135,268
10,268
674,268
114,268
16,268
529,268
166,268
132,268
606,268
456,268
287,268
93,268
296,268
669,268
610,268
398,268
272,268
77,268
690,268
674,174
293,174
545,174
381,174
622,174
576,174
520,174
491,174
40,174
117,174
240,174
424,174
487,174
213,174
83,174
637,174
364,174
590,174
562,174
354,174
106,174
512,174
345,174
107,174
90,174
15,174
152,174
382,174
357,174
642,174
218,61
111,61
603,61
543,61
497,61
579,61
223,61
49,61
186,61
487,61
483,61
531,61
286,61
290,61
323,61
110,61
224,61
38,61
22,61
206,61
184,61
266,61
161,61
649,61
680,61
278,61
217,271
493,271
365,271
568,271
254,271
293,271
6,271
12,271
369,271
91,271
513,271
427,271
680,271
157,271
533,271
317,271
267,271
283,271
106,271
448,271
446,271
199,271
225,271
468,271
125,271
274,271
61,271
522,271
524,271
467,271
345,271
122,271
522,296
311,296
172,296
531,296
575,296
467,296
435,296
262,296
410,296
176,296
142,296
346,296
347,296
8,296
155,296
378,296
351,296
534,296
540,296
116,296
10,296
344,296
692,296
301,296
509,296
682,296
642,296
682,301
297,301
398,301
596,301
544,301
627,301
49,301
36,301
586,301
428,301
529,301
701,301
25,301
400,301
75,301
657,301
289,301
277,301
371,236
21,236
414,236
47,236
52,236
668,236
638,236
202,236
159,236
703,236
645,236
483,236
317,236
620,236
648,236
454,236
570,236
671,236
251,236
700,236
472,236
83,236
348,236
614,236
302,236
471,236
319,236
591,236
699,236
44,236
699,6
185,6
102,6
385,6
501,6
318,6
236,6
502,6
278,6
71,6
351,6
420,6
199,6
489,6
286,6
493,6
27,6
562,6
606,6
485,6
632,6
182,6
216,6
345,6
690,6
544,6
348,6
143,6
365,6
642,6
512,32
326,32
703,32
359,32
533,32
320,32
679,32
601,32
60,32
272,32
684,32
491,32
504,32
636,32
528,32
641,32
665,32
556,32
103,32
314,32
640,32
51,32
521,32
132,32
699,32
281,32
323,32
324,32
474,32
432,32
236,32
134,32
448,32
152,32
566,32
96,32
360,26
616,26
690,26
185,26
647,26
260,26
637,26
504,26
159,26
539,26
564,26
205,26
425,26
656,26
433,26
705,26
535,26
589,26
269,26
115,26
145,26
105,26
375,26
140,26
449,26
146,26
53,26
290,26
399,26
534,26
296,26
323,26
250,26
448,183
647,183
194,183
38,183
256,183
94,183
450,183
574,183
189,183
221,183
219,183
483,183
106,183
642,183
513,183
107,183
252,183
312,183
214,183
499,183
264,183
510,183
200,183
334,183
680,183
520,183
656,183
639,183
71,183
160,183
706,183
166,183
13,183
638,183
163,165
518,165
193,165
497,165
109,165
369,165
653,165
305,165
166,165
6,165
460,165
447,165
203,165
389,165
52,165
516,165
699,165
115,165
633,165
108,165
567,165
385,165
408,165
217,165
55,165
53,165
634,165
326,165
505,165
437,165
264,165
78,93
102,93
176,93
100,93
248,93
401,93
541,93
626,93
685,93
482,93
211,93
280,93
28,93
197,93
574,93
382,93
278,93
276,93
668,93
92,93
411,93
352,93
113,93
334,93
690,93
439,93
273,93
583,93
314,93
395,93
324,93
431,93
348,93
53,259
273,259
514,259
149,259
378,259
117,259
56,259
88,259
633,259
713,259
616,259
478,259
561,259
548,259
568,259
704,259
457,259
150,259
36,259
452,259
160,259
513,259
291,259
508,259
319,259
422,259
702,259
486,259
535,259
487,259
495,204
256,204
166,204
405,204
44,204
381,204
472,204
398,204
144,204
612,204
314,204
79,204
567,204
89,204
438,204
533,204
86,204
622,204
713,204
603,204
192,204
527,204
548,204
487,204
62,204
330,204
540,204
645,204
187,247
589,247
421,247
202,247
9,247
672,247
449,247
111,247
453,247
391,247
144,247
381,247
650,247
81,247
606,247
621,247
565,247
262,247
367,247
504,247
418,247
288,247
366,249
31,249
277,249
360,249
456,249
677,249
405,249
92,249
563,249
295,249
526,249
44,249
196,249
71,249
150,249
378,249
308,249
705,249
376,249
397,249
413,249
672,249
436,249
343,249
696,249
687,249
565,249
70,249
502,249
152,249
27,249
580,249
433,126
92,126
79,126
487,126
488,126
170,126
97,126
35,126
197,126
308,126
73,126
329,126
230,126
508,126
148,126
636,126
434,126
612,126
405,126
697,126
109,126
518,126
606,126
265,126
336,126
111,126
580,126
159,126
272,126
150,126
107,126
125,126
153,126
667,126
170,63
280,63
104,63
522,63
82,63
459,63
145,63
311,63
710,63
431,63
103,63
211,63
433,63
659,63
120,63
546,63
396,63
514,63
216,63
244,63
657,63
663,63
190,63
703,63
184,63
181,63
317,63
645,63
18,63
664,63
402,63
196,63
401,63
126,63
397,63
309,19
24,19
608,19
525,19
360,19
26,19
248,19
546,19
392,19
243,19
380,19
474,19
637,19
61,19
372,19
556,19
458,19
114,19
683,19
594,19
334,19
43,19
350,19
355,19
25,19
478,19
604,19
15,202
305,202
239,202
240,202
79,202
152,202
663,202
423,202
293,202
697,202
36,202
289,202
583,202
614,202
482,202
444,202
341,202
597,202
455,202
592,202
384,202
302,202
632,202
347,202
676,202
287,202
695,202
41,202
186,202
603,202
342,202
2,202
134,305
295,305
413,305
234,305
213,305
94,305
561,305
210,305
21,305
434,305
386,305
481,305
331,305
16,305
691,305
544,305
659,305
595,305
8,305
594,305
509,305
350,305
253,305
36,305
265,305
578,305
449,305
712,305
640,305
346,305
316,305
700,305
501,305
102,305
272,151
387,151
44,151
265,151
694,151
529,151
637,151
627,151
517,151
443,151
79,151
330,151
608,151
481,151
83,151
51,151
90,151
663,151
398,151
247,151
563,151
619,151
342,151
710,151
395,151
250,151
208,151
431,151
488,151
216,151
123,49
596,49
137,49
26,49
660,49
697,49
528,49
278,49
17,49
374,49
89,49
32,49
352,49
167,49
73,49
641,49
399,49
97,49
540,49
178,49
405,49
276,49
688,49
20,49
239,49
121,49
578,49
64,49
529,49
712,49
702,49
527,49
56,49
9,49
193,75
546,75
337,75
223,75
412,75
474,75
244,75
623,75
423,75
266,75
673,75
327,75
340,75
38,75
112,75
684,75
424,75
456,75
695,75
561,75
335,75
638,75
528,75
359,75
591,75
477,75
616,185
555,185
41,185
193,185
254,185
82,185
132,185
564,185
55,185
217,185
440,185
514,185
22,185
243,185
287,185
437,185
595,185
568,185
470,185
262,185
422,185
561,185
325,185
332,185
365,185
336,185
110,185
97,218
51,218
328,218
76,218
591,218
400,218
574,218
657,218
371,218
691,218
183,218
250,218
545,218
219,218
546,218
500,218
267,218
383,218
510,218
624,218
402,218
188,218
389,218
516,218
642,218
416,218
82,218
540,218
541,218
610,218
274,218
318,218
544,218
559,88
291,88
427,88
340,88
431,88
692,88
538,88
209,88
169,88
405,88
165,88
426,88
23,88
658,88
175,88
543,88
285,88
415,88
253,88
401,88
476,88
228,88
310,88
104,88
182,88
325,88
187,88
437,88
594,83
581,83
673,83
423,83
254,83
404,83
430,83
368,83
631,83
396,83
43,83
105,83
535,83
216,83
238,83
84,83
706,83
186,83
57,83
15,83
210,83
37,83
462,83
593,83
577,83
649,83
529,83
694,74
629,74
484,74
439,74
398,74
190,74
256,74
709,74
708,74
44,74
235,74
584,74
601,74
173,74
696,74
291,74
321,74
574,74
384,74
53,74
30,74
689,74
688,74
454,74
342,74
712,74
500,74
186,74
113,74
229,74
705,74
323,74
452,74
411,74
450,74
161,74
518,74
490,74
608,74
617,74
131,20
291,20
45,20
638,20
607,20
133,20
102,20
218,20
363,20
333,20
661,20
242,20
617,20
473,20
688,20
355,20
277,20
267,20
229,20
666,20
198,20
223,20
153,20
222,20
327,20
292,20
256,20
532,20
398,20
113,20
69,20
491,20
430,213
107,213
140,213
302,213
459,213
536,213
685,213
423,213
403,213
169,213
514,213
273,213
596,213
556,213
182,213
68,213
247,213
395,213
206,213
201,213
534,213
519,213
523,213
145,213
289,213
268,213
219,213
251,213
185,213
153,284
659,284
44,284
535,284
121,284
239,284
528,284
601,284
249,284
415,284
57,284
519,284
32,284
503,284
60,284
539,284
439,284
661,284
328,284
629,284
155,284
671,284
680,284
573,284
313,284
682,284
305,284
459,284
324,284
583,248
206,248
524,248
109,248
628,248
590,248
251,248
556,248
289,248
343,248
506,248
402,248
613,248
372,248
36,248
545,248
408,248
256,248
116,248
502,248
436,248
570,248
201,248
265,248
646,248
466,248
498,248
117,248
567,248
437,248
90,108
433,108
672,108
701,108
127,108
124,108
148,108
2,108
461,108
522,108
458,108
566,108
210,108
580,108
514,108
186,108
340,108
577,108
140,108
410,108
545,108
564,108
706,108
53,108
128,108
439,304
688,304
598,304
101,304
514,304
162,304
429,304
257,304
1,304
65,304
94,304
201,304
695,304
653,304
639,304
98,304
597,304
319,304
637,304
635,304
45,304
80,304
456,304
692,304
316,304
422,304
594,304
649,304
360,304
322,304
351,304
443,304
667,304
158,304
376,304
312,304
120,282
642,282
285,282
484,282
254,282
361,282
432,282
98,282
215,282
668,282
404,282
662,282
284,282
39,282
2,282
639,282
431,282
298,282
237,282
273,282
554,282
392,282
686,282
212,282
438,282
548,282
90,282
253,282
244,282
555,282
506,282
75,282
483,282
354,282
661,282
51,282
176,282
513,135
16,135
91,135
387,135
522,135
35,135
661,135
542,135
257,135
284,135
711,135
33,135
142,135
600,135
561,135
460,135
699,135
184,135
402,135
618,135
585,33
251,33
74,33
444,33
6,33
212,33
655,33
440,33
443,33
451,33
425,33
433,33
9,33
595,33
70,33
67,33
455,33
480,33
382,33
211,33
14,33
84,33
167,33
109,33
246,33
471,33
434,33
515,123
490,123
435,123
576,123
189,123
311,123
704,123
618,123
204,123
180,123
24,123
627,123
697,123
398,123
113,123
476,123
570,123
331,123
611,123
546,123
363,123
400,123
261,123
525,123
508,123
393,123
705,123
372,124
186,124
611,124
72,124
631,124
415,124
170,124
586,124
638,124
701,124
307,124
548,124
21,124
355,124
255,124
306,124
190,124
313,124
678,124
657,124
370,124
270,124
86,124
605,124
278,124
604,124
